train_r2,train_rmse,train_mae,test_r2,test_rmse,test_mae,cv_r2_mean,cv_r2_std
0.6919556306926228,0.5023081055577217,0.38550697511164395,0.6412015564769408,0.5404211911954628,0.4178583511729804,0.6563804904764807,0.013825405944598967
